USE [ALPR]

INSERT [dbo].[CapturedPlates] ([RecId], [RowGuid], [CapturedAT], [NumberPlate], [BackColor], [CameraIndex], [Color], [Confidence], [PlateType], [PlateState], [Region_Bottom], [Region_Left], [Region_Right], [Region_Top], [CharactersConfidence], [AvgConfidence], [GeoLocation], [GeoLocationCode], [HitListJSON], [Notes], [IRSAClientId], [ClientSerial], [LastUpdated], [NotifyOverride], [Client_RowGuid], [Notify], [HotlistCSV], [State], [Status], [XmlExportStatus], [TicketNumber], [LastFormRecordId], [AppliedCapturePolicyId], [AppliedNotificationPolicyId], [StorageType], [UriLocation], [CaptureType], [NotifyType]) VALUES (60001, N'cd6a2242-423d-4662-8944-380295f3dd4e', CAST(N'2023-05-16T07:16:44.250' AS DateTime), N'BCD-1325', NULL, 0, NULL, 95, NULL, NULL, 0, 0, 0, 0, NULL, NULL, 0xE6100000010CCBF78C4468DC3840F0694E5E64BF5040, 4326, NULL, N'Test notes 1', 0, 0, CAST(N'2023-05-16T07:16:44.250' AS DateTime), 0, NULL, 0, NULL, 1, 1, 0, 1, NULL, NULL, NULL, 1, NULL, 1, NULL)
INSERT [dbo].[CapturedPlates] ([RecId], [RowGuid], [CapturedAT], [NumberPlate], [BackColor], [CameraIndex], [Color], [Confidence], [PlateType], [PlateState], [Region_Bottom], [Region_Left], [Region_Right], [Region_Top], [CharactersConfidence], [AvgConfidence], [GeoLocation], [GeoLocationCode], [HitListJSON], [Notes], [IRSAClientId], [ClientSerial], [LastUpdated], [NotifyOverride], [Client_RowGuid], [Notify], [HotlistCSV], [State], [Status], [XmlExportStatus], [TicketNumber], [LastFormRecordId], [AppliedCapturePolicyId], [AppliedNotificationPolicyId], [StorageType], [UriLocation], [CaptureType], [NotifyType]) VALUES (60002, N'2b7d4e69-8577-4b29-abb2-b8975f3f70aa', CAST(N'2023-05-16T10:12:45.923' AS DateTime), N'BCD-1325', NULL, 0, NULL, 95, NULL, NULL, 0, 0, 0, 0, NULL, NULL, 0xE6100000010CCBF78C4468DC3840F0694E5E64BF5040, 4326, NULL, N'Test notes 1', 0, 0, CAST(N'2023-05-16T10:12:45.923' AS DateTime), 0, NULL, 0, NULL, 2, 1, 0, 1, NULL, NULL, NULL, 1, NULL, 1, NULL)
INSERT [dbo].[CapturedPlates] ([RecId], [RowGuid], [CapturedAT], [NumberPlate], [BackColor], [CameraIndex], [Color], [Confidence], [PlateType], [PlateState], [Region_Bottom], [Region_Left], [Region_Right], [Region_Top], [CharactersConfidence], [AvgConfidence], [GeoLocation], [GeoLocationCode], [HitListJSON], [Notes], [IRSAClientId], [ClientSerial], [LastUpdated], [NotifyOverride], [Client_RowGuid], [Notify], [HotlistCSV], [State], [Status], [XmlExportStatus], [TicketNumber], [LastFormRecordId], [AppliedCapturePolicyId], [AppliedNotificationPolicyId], [StorageType], [UriLocation], [CaptureType], [NotifyType]) VALUES (60003, N'38ac591c-f004-404d-a20f-c457916b948d', CAST(N'2023-05-16T10:12:48.267' AS DateTime), N'BCD-1325', NULL, 0, NULL, 95, NULL, NULL, 0, 0, 0, 0, NULL, NULL, 0xE6100000010CCBF78C4468DC3840F0694E5E64BF5040, 4326, NULL, N'Test notes 1', 0, 0, CAST(N'2023-05-16T10:12:48.267' AS DateTime), 0, NULL, 0, NULL, 2, 1, 0, 1, NULL, NULL, NULL, 1, NULL, 1, NULL)
INSERT [dbo].[CapturedPlates] ([RecId], [RowGuid], [CapturedAT], [NumberPlate], [BackColor], [CameraIndex], [Color], [Confidence], [PlateType], [PlateState], [Region_Bottom], [Region_Left], [Region_Right], [Region_Top], [CharactersConfidence], [AvgConfidence], [GeoLocation], [GeoLocationCode], [HitListJSON], [Notes], [IRSAClientId], [ClientSerial], [LastUpdated], [NotifyOverride], [Client_RowGuid], [Notify], [HotlistCSV], [State], [Status], [XmlExportStatus], [TicketNumber], [LastFormRecordId], [AppliedCapturePolicyId], [AppliedNotificationPolicyId], [StorageType], [UriLocation], [CaptureType], [NotifyType]) VALUES (60004, N'26475414-ac8b-437c-ae5e-701ec0f884ca', CAST(N'2023-05-16T10:12:49.450' AS DateTime), N'BCD-1325', NULL, 0, NULL, 95, NULL, NULL, 0, 0, 0, 0, NULL, NULL, 0xE6100000010CCBF78C4468DC3840F0694E5E64BF5040, 4326, NULL, N'Test notes 1', 0, 0, CAST(N'2023-05-16T10:12:49.450' AS DateTime), 0, NULL, 0, NULL, 3, 1, 0, 1, NULL, NULL, NULL, 1, NULL, 1, NULL)
INSERT [dbo].[CapturedPlates] ([RecId], [RowGuid], [CapturedAT], [NumberPlate], [BackColor], [CameraIndex], [Color], [Confidence], [PlateType], [PlateState], [Region_Bottom], [Region_Left], [Region_Right], [Region_Top], [CharactersConfidence], [AvgConfidence], [GeoLocation], [GeoLocationCode], [HitListJSON], [Notes], [IRSAClientId], [ClientSerial], [LastUpdated], [NotifyOverride], [Client_RowGuid], [Notify], [HotlistCSV], [State], [Status], [XmlExportStatus], [TicketNumber], [LastFormRecordId], [AppliedCapturePolicyId], [AppliedNotificationPolicyId], [StorageType], [UriLocation], [CaptureType], [NotifyType]) VALUES (60007, N'ff909cff-2077-4ccf-91c8-e90b12990a75', CAST(N'2023-05-16T10:17:41.527' AS DateTime), N'BCD-1325', NULL, 0, NULL, 95, NULL, NULL, 0, 0, 0, 0, NULL, NULL, 0xE6100000010CCBF78C4468DC3840F0694E5E64BF5040, 4326, NULL, N'Test notes 3', 0, 0, CAST(N'2023-05-16T10:17:41.527' AS DateTime), 0, NULL, 0, NULL, 1, 1, 0, 1, NULL, NULL, NULL, 1, NULL, 1, NULL)
INSERT [dbo].[CapturedPlates] ([RecId], [RowGuid], [CapturedAT], [NumberPlate], [BackColor], [CameraIndex], [Color], [Confidence], [PlateType], [PlateState], [Region_Bottom], [Region_Left], [Region_Right], [Region_Top], [CharactersConfidence], [AvgConfidence], [GeoLocation], [GeoLocationCode], [HitListJSON], [Notes], [IRSAClientId], [ClientSerial], [LastUpdated], [NotifyOverride], [Client_RowGuid], [Notify], [HotlistCSV], [State], [Status], [XmlExportStatus], [TicketNumber], [LastFormRecordId], [AppliedCapturePolicyId], [AppliedNotificationPolicyId], [StorageType], [UriLocation], [CaptureType], [NotifyType]) VALUES (60008, N'31116675-9484-4baf-a0ae-02d12896d977', CAST(N'2023-05-16T10:17:42.497' AS DateTime), N'BCD-1325', NULL, 0, NULL, 95, NULL, NULL, 0, 0, 0, 0, NULL, NULL, 0xE6100000010CCBF78C4468DC3840F0694E5E64BF5040, 4326, NULL, N'Test notes 3', 0, 0, CAST(N'2023-05-16T10:17:42.497' AS DateTime), 0, NULL, 0, NULL, 3, 1, 0, 1, NULL, NULL, NULL, 1, NULL, 1, NULL)
INSERT [dbo].[CapturedPlates] ([RecId], [RowGuid], [CapturedAT], [NumberPlate], [BackColor], [CameraIndex], [Color], [Confidence], [PlateType], [PlateState], [Region_Bottom], [Region_Left], [Region_Right], [Region_Top], [CharactersConfidence], [AvgConfidence], [GeoLocation], [GeoLocationCode], [HitListJSON], [Notes], [IRSAClientId], [ClientSerial], [LastUpdated], [NotifyOverride], [Client_RowGuid], [Notify], [HotlistCSV], [State], [Status], [XmlExportStatus], [TicketNumber], [LastFormRecordId], [AppliedCapturePolicyId], [AppliedNotificationPolicyId], [StorageType], [UriLocation], [CaptureType], [NotifyType]) VALUES (60009, N'83ad670b-8e09-4bf8-afcc-da19ba608b54', CAST(N'2023-05-16T10:17:43.330' AS DateTime), N'AXB-1152', NULL, 0, NULL, 95, NULL, NULL, 0, 0, 0, 0, NULL, NULL, 0xE6100000010CCBF78C4468DC3840F0694E5E64BF5040, 4326, NULL, N'Test notes 3', 0, 0, CAST(N'2023-05-16T10:17:43.330' AS DateTime), 0, NULL, 0, NULL, 4, 1, 0, 1, NULL, NULL, NULL, 1, NULL, 1, NULL)
INSERT [dbo].[CapturedPlates] ([RecId], [RowGuid], [CapturedAT], [NumberPlate], [BackColor], [CameraIndex], [Color], [Confidence], [PlateType], [PlateState], [Region_Bottom], [Region_Left], [Region_Right], [Region_Top], [CharactersConfidence], [AvgConfidence], [GeoLocation], [GeoLocationCode], [HitListJSON], [Notes], [IRSAClientId], [ClientSerial], [LastUpdated], [NotifyOverride], [Client_RowGuid], [Notify], [HotlistCSV], [State], [Status], [XmlExportStatus], [TicketNumber], [LastFormRecordId], [AppliedCapturePolicyId], [AppliedNotificationPolicyId], [StorageType], [UriLocation], [CaptureType], [NotifyType]) VALUES (70001, N'91fb838a-cbd8-4cd0-83a3-b9ffc81d801f', CAST(N'2023-05-17T07:15:41.660' AS DateTime), N'BCD-1325', NULL, 0, NULL, 98, NULL, NULL, 0, 0, 0, 0, NULL, NULL, 0xE6100000010CCBF78C4468DC3840F0694E5E64BF5040, 4326, NULL, N'Test notes 23', 0, 0, CAST(N'2023-05-17T07:15:41.660' AS DateTime), 0, NULL, 0, NULL, 4, 1, 0, 1, NULL, NULL, NULL, 1, NULL, 1, NULL)
INSERT [dbo].[CapturedPlates] ([RecId], [RowGuid], [CapturedAT], [NumberPlate], [BackColor], [CameraIndex], [Color], [Confidence], [PlateType], [PlateState], [Region_Bottom], [Region_Left], [Region_Right], [Region_Top], [CharactersConfidence], [AvgConfidence], [GeoLocation], [GeoLocationCode], [HitListJSON], [Notes], [IRSAClientId], [ClientSerial], [LastUpdated], [NotifyOverride], [Client_RowGuid], [Notify], [HotlistCSV], [State], [Status], [XmlExportStatus], [TicketNumber], [LastFormRecordId], [AppliedCapturePolicyId], [AppliedNotificationPolicyId], [StorageType], [UriLocation], [CaptureType], [NotifyType]) VALUES (70004, N'a2632dbd-1adb-4aa3-98a3-8cf9b91fb4c1', CAST(N'2023-05-17T07:15:52.053' AS DateTime), N'BCD-1325', NULL, 0, NULL, 95, NULL, NULL, 0, 0, 0, 0, NULL, NULL, 0xE6100000010CCBF78C4468DC3840F0694E5E64BF5040, 4326, NULL, N'Test notes 3', 0, 0, CAST(N'2023-05-17T07:15:52.053' AS DateTime), 0, NULL, 0, NULL, 3, 1, 0, 1, NULL, NULL, NULL, 1, NULL, 1, NULL)
INSERT [dbo].[CapturedPlates] ([RecId], [RowGuid], [CapturedAT], [NumberPlate], [BackColor], [CameraIndex], [Color], [Confidence], [PlateType], [PlateState], [Region_Bottom], [Region_Left], [Region_Right], [Region_Top], [CharactersConfidence], [AvgConfidence], [GeoLocation], [GeoLocationCode], [HitListJSON], [Notes], [IRSAClientId], [ClientSerial], [LastUpdated], [NotifyOverride], [Client_RowGuid], [Notify], [HotlistCSV], [State], [Status], [XmlExportStatus], [TicketNumber], [LastFormRecordId], [AppliedCapturePolicyId], [AppliedNotificationPolicyId], [StorageType], [UriLocation], [CaptureType], [NotifyType]) VALUES (70005, N'4f81458c-7d3e-4ec4-bf9c-0db15435e87c', CAST(N'2023-05-17T07:15:52.863' AS DateTime), N'BCD-1325', NULL, 0, NULL, 95, NULL, NULL, 0, 0, 0, 0, NULL, NULL, 0xE6100000010CCBF78C4468DC3840F0694E5E64BF5040, 4326, NULL, N'Test notes 3', 0, 0, CAST(N'2023-05-17T07:15:52.863' AS DateTime), 0, NULL, 0, NULL, 2, 1, 0, 1, NULL, NULL, NULL, 1, NULL, 1, NULL)
INSERT [dbo].[CapturedPlates] ([RecId], [RowGuid], [CapturedAT], [NumberPlate], [BackColor], [CameraIndex], [Color], [Confidence], [PlateType], [PlateState], [Region_Bottom], [Region_Left], [Region_Right], [Region_Top], [CharactersConfidence], [AvgConfidence], [GeoLocation], [GeoLocationCode], [HitListJSON], [Notes], [IRSAClientId], [ClientSerial], [LastUpdated], [NotifyOverride], [Client_RowGuid], [Notify], [HotlistCSV], [State], [Status], [XmlExportStatus], [TicketNumber], [LastFormRecordId], [AppliedCapturePolicyId], [AppliedNotificationPolicyId], [StorageType], [UriLocation], [CaptureType], [NotifyType]) VALUES (70007, N'620db40a-cc07-413d-a285-fcd0f17ef9b4', CAST(N'2023-05-17T07:16:12.683' AS DateTime), N'BCD-1325', NULL, 0, NULL, 95, NULL, NULL, 0, 0, 0, 0, NULL, NULL, 0xE6100000010CCBF78C4468DC3840F0694E5E64BF5040, 4326, NULL, N'Test notes 2', 0, 0, CAST(N'2023-05-17T07:16:12.683' AS DateTime), 0, NULL, 0, NULL, 4, 1, 0, 2, NULL, NULL, NULL, 1, NULL, 1, NULL)
INSERT [dbo].[CapturedPlates] ([RecId], [RowGuid], [CapturedAT], [NumberPlate], [BackColor], [CameraIndex], [Color], [Confidence], [PlateType], [PlateState], [Region_Bottom], [Region_Left], [Region_Right], [Region_Top], [CharactersConfidence], [AvgConfidence], [GeoLocation], [GeoLocationCode], [HitListJSON], [Notes], [IRSAClientId], [ClientSerial], [LastUpdated], [NotifyOverride], [Client_RowGuid], [Notify], [HotlistCSV], [State], [Status], [XmlExportStatus], [TicketNumber], [LastFormRecordId], [AppliedCapturePolicyId], [AppliedNotificationPolicyId], [StorageType], [UriLocation], [CaptureType], [NotifyType]) VALUES (70008, N'9d020201-4565-4093-85e3-ea6c38e2657e', CAST(N'2023-05-17T07:16:13.633' AS DateTime), N'BCD-1325', NULL, 0, NULL, 95, NULL, NULL, 0, 0, 0, 0, NULL, NULL, 0xE6100000010CCBF78C4468DC3840F0694E5E64BF5040, 4326, NULL, N'Test notes 2', 0, 0, CAST(N'2023-05-17T07:16:13.633' AS DateTime), 0, NULL, 0, NULL, 5, 1, 0, 2, NULL, NULL, NULL, 1, NULL, 1, NULL)
INSERT [dbo].[CapturedPlates] ([RecId], [RowGuid], [CapturedAT], [NumberPlate], [BackColor], [CameraIndex], [Color], [Confidence], [PlateType], [PlateState], [Region_Bottom], [Region_Left], [Region_Right], [Region_Top], [CharactersConfidence], [AvgConfidence], [GeoLocation], [GeoLocationCode], [HitListJSON], [Notes], [IRSAClientId], [ClientSerial], [LastUpdated], [NotifyOverride], [Client_RowGuid], [Notify], [HotlistCSV], [State], [Status], [XmlExportStatus], [TicketNumber], [LastFormRecordId], [AppliedCapturePolicyId], [AppliedNotificationPolicyId], [StorageType], [UriLocation], [CaptureType], [NotifyType]) VALUES (70009, N'285ff6dd-2ce1-402c-9a42-3b661c5a0f23', CAST(N'2023-05-17T07:16:14.080' AS DateTime), N'BCD-1325', NULL, 0, NULL, 95, NULL, NULL, 0, 0, 0, 0, NULL, NULL, 0xE6100000010CCBF78C4468DC3840F0694E5E64BF5040, 4326, NULL, N'Test notes 2', 0, 0, CAST(N'2023-05-17T07:16:14.080' AS DateTime), 0, NULL, 0, NULL, 7, 1, 0, 2, NULL, NULL, NULL, 1, NULL, 1, NULL)
INSERT [dbo].[CapturedPlates] ([RecId], [RowGuid], [CapturedAT], [NumberPlate], [BackColor], [CameraIndex], [Color], [Confidence], [PlateType], [PlateState], [Region_Bottom], [Region_Left], [Region_Right], [Region_Top], [CharactersConfidence], [AvgConfidence], [GeoLocation], [GeoLocationCode], [HitListJSON], [Notes], [IRSAClientId], [ClientSerial], [LastUpdated], [NotifyOverride], [Client_RowGuid], [Notify], [HotlistCSV], [State], [Status], [XmlExportStatus], [TicketNumber], [LastFormRecordId], [AppliedCapturePolicyId], [AppliedNotificationPolicyId], [StorageType], [UriLocation], [CaptureType], [NotifyType]) VALUES (70010, N'1b8151a3-2f66-47c4-bf2e-9dac9c75286a', CAST(N'2023-05-17T07:16:14.873' AS DateTime), N'BCD-1325', NULL, 0, NULL, 95, NULL, NULL, 0, 0, 0, 0, NULL, NULL, 0xE6100000010CCBF78C4468DC3840F0694E5E64BF5040, 4326, NULL, N'Test notes 2', 0, 0, CAST(N'2023-05-17T07:16:14.873' AS DateTime), 0, NULL, 0, NULL, 10, 1, 0, 2, NULL, NULL, NULL, 1, NULL, 1, NULL)
INSERT [dbo].[CapturedPlates] ([RecId], [RowGuid], [CapturedAT], [NumberPlate], [BackColor], [CameraIndex], [Color], [Confidence], [PlateType], [PlateState], [Region_Bottom], [Region_Left], [Region_Right], [Region_Top], [CharactersConfidence], [AvgConfidence], [GeoLocation], [GeoLocationCode], [HitListJSON], [Notes], [IRSAClientId], [ClientSerial], [LastUpdated], [NotifyOverride], [Client_RowGuid], [Notify], [HotlistCSV], [State], [Status], [XmlExportStatus], [TicketNumber], [LastFormRecordId], [AppliedCapturePolicyId], [AppliedNotificationPolicyId], [StorageType], [UriLocation], [CaptureType], [NotifyType]) VALUES (70011, N'9d72f9e3-2bca-47ba-889a-59584a5cf645', CAST(N'2023-05-17T07:16:15.697' AS DateTime), N'BCD-1325', NULL, 0, NULL, 98, NULL, NULL, 0, 0, 0, 0, NULL, NULL, 0xE6100000010CCBF78C4468DC3840F0694E5E64BF5040, 4326, NULL, N'Test notes 2', 0, 0, CAST(N'2023-05-17T07:16:15.697' AS DateTime), 0, NULL, 0, NULL, 11, 1, 0, 2, NULL, NULL, NULL, 1, NULL, 1, NULL)
INSERT [dbo].[CapturedPlates] ([RecId], [RowGuid], [CapturedAT], [NumberPlate], [BackColor], [CameraIndex], [Color], [Confidence], [PlateType], [PlateState], [Region_Bottom], [Region_Left], [Region_Right], [Region_Top], [CharactersConfidence], [AvgConfidence], [GeoLocation], [GeoLocationCode], [HitListJSON], [Notes], [IRSAClientId], [ClientSerial], [LastUpdated], [NotifyOverride], [Client_RowGuid], [Notify], [HotlistCSV], [State], [Status], [XmlExportStatus], [TicketNumber], [LastFormRecordId], [AppliedCapturePolicyId], [AppliedNotificationPolicyId], [StorageType], [UriLocation], [CaptureType], [NotifyType]) VALUES (80001, N'4f82cbde-c0fc-4216-afd4-f3fc96421248', CAST(N'2023-05-17T11:55:11.083' AS DateTime), N'ABC-1234', NULL, 0, NULL, 99, NULL, NULL, 0, 0, 0, 0, NULL, NULL, 0xE6100000010CCBF78C4468DC3840F0694E5E64BF5040, 4326, NULL, N'Test notes 23', 0, 0, CAST(N'2023-05-17T11:55:11.083' AS DateTime), 0, NULL, 0, NULL, 45, 1, 0, 1, NULL, NULL, NULL, 1, NULL, 1, NULL)
GO

INSERT [dbo].[CapturePlatesSummary] ([CapturePlateId], [StationId], [ClientId], [UnitId], [UserId], [LoginId], [CaptureDate], [HasAlert], [HasTicket]) VALUES (60001, 1, 1, N'11', 2, N'hassan', CAST(N'2023-05-16' AS Date), 0, 1)
INSERT [dbo].[CapturePlatesSummary] ([CapturePlateId], [StationId], [ClientId], [UnitId], [UserId], [LoginId], [CaptureDate], [HasAlert], [HasTicket]) VALUES (60002, 1, 1, N'11', 2, N'hassan', CAST(N'2023-05-16' AS Date), 0, 1)
INSERT [dbo].[CapturePlatesSummary] ([CapturePlateId], [StationId], [ClientId], [UnitId], [UserId], [LoginId], [CaptureDate], [HasAlert], [HasTicket]) VALUES (60003, 1, 1, N'11', 2, N'hassan', CAST(N'2023-05-16' AS Date), 0, 1)
INSERT [dbo].[CapturePlatesSummary] ([CapturePlateId], [StationId], [ClientId], [UnitId], [UserId], [LoginId], [CaptureDate], [HasAlert], [HasTicket]) VALUES (60004, 1, 1, N'11', 2, N'hassan', CAST(N'2023-05-16' AS Date), 0, 1)
INSERT [dbo].[CapturePlatesSummary] ([CapturePlateId], [StationId], [ClientId], [UnitId], [UserId], [LoginId], [CaptureDate], [HasAlert], [HasTicket]) VALUES (60007, 1, 1, N'1111', 1, N'hassan', CAST(N'2023-05-16' AS Date), 0, 1)
INSERT [dbo].[CapturePlatesSummary] ([CapturePlateId], [StationId], [ClientId], [UnitId], [UserId], [LoginId], [CaptureDate], [HasAlert], [HasTicket]) VALUES (60008, 1, 1, N'1111', 1, N'hassan', CAST(N'2023-05-16' AS Date), 0, 1)
INSERT [dbo].[CapturePlatesSummary] ([CapturePlateId], [StationId], [ClientId], [UnitId], [UserId], [LoginId], [CaptureDate], [HasAlert], [HasTicket]) VALUES (60009, 1, 1, N'1111', 1, N'hassan', CAST(N'2023-05-16' AS Date), 0, 1)
INSERT [dbo].[CapturePlatesSummary] ([CapturePlateId], [StationId], [ClientId], [UnitId], [UserId], [LoginId], [CaptureDate], [HasAlert], [HasTicket]) VALUES (70001, 1, 1, N'111a', 1, N'hassan', CAST(N'2023-05-25' AS Date), 0, 1)
INSERT [dbo].[CapturePlatesSummary] ([CapturePlateId], [StationId], [ClientId], [UnitId], [UserId], [LoginId], [CaptureDate], [HasAlert], [HasTicket]) VALUES (70004, 1, 1, N'1111', 1, N'hassan', CAST(N'2023-05-17' AS Date), 0, 1)
INSERT [dbo].[CapturePlatesSummary] ([CapturePlateId], [StationId], [ClientId], [UnitId], [UserId], [LoginId], [CaptureDate], [HasAlert], [HasTicket]) VALUES (70005, 1, 1, N'1111', 1, N'hassan', CAST(N'2023-05-17' AS Date), 0, 1)
INSERT [dbo].[CapturePlatesSummary] ([CapturePlateId], [StationId], [ClientId], [UnitId], [UserId], [LoginId], [CaptureDate], [HasAlert], [HasTicket]) VALUES (70007, 1, 1, N'2222', 2, N'hassan', CAST(N'2023-05-17' AS Date), 0, 1)
INSERT [dbo].[CapturePlatesSummary] ([CapturePlateId], [StationId], [ClientId], [UnitId], [UserId], [LoginId], [CaptureDate], [HasAlert], [HasTicket]) VALUES (70008, 1, 1, N'2222', 2, N'hassan', CAST(N'2023-05-17' AS Date), 0, 1)
INSERT [dbo].[CapturePlatesSummary] ([CapturePlateId], [StationId], [ClientId], [UnitId], [UserId], [LoginId], [CaptureDate], [HasAlert], [HasTicket]) VALUES (70009, 1, 1, N'2222', 2, N'hassan', CAST(N'2023-05-17' AS Date), 0, 1)
INSERT [dbo].[CapturePlatesSummary] ([CapturePlateId], [StationId], [ClientId], [UnitId], [UserId], [LoginId], [CaptureDate], [HasAlert], [HasTicket]) VALUES (70010, 1, 1, N'2222', 2, N'hassan', CAST(N'2023-05-17' AS Date), 0, 1)
INSERT [dbo].[CapturePlatesSummary] ([CapturePlateId], [StationId], [ClientId], [UnitId], [UserId], [LoginId], [CaptureDate], [HasAlert], [HasTicket]) VALUES (70011, 1, 1, N'2222', 2, N'hassan', CAST(N'2023-05-17' AS Date), 0, 1)
INSERT [dbo].[CapturePlatesSummary] ([CapturePlateId], [StationId], [ClientId], [UnitId], [UserId], [LoginId], [CaptureDate], [HasAlert], [HasTicket]) VALUES (80001, 1, 1, N'111a', 2, N'hassan', CAST(N'2023-05-25' AS Date), 0, 1)
GO

INSERT [dbo].[UserCapturedPlates] ([RecId], [UserId], [CapturedId]) VALUES (60001, 2, 60001)
INSERT [dbo].[UserCapturedPlates] ([RecId], [UserId], [CapturedId]) VALUES (60002, 2, 60002)
INSERT [dbo].[UserCapturedPlates] ([RecId], [UserId], [CapturedId]) VALUES (60003, 2, 60003)
INSERT [dbo].[UserCapturedPlates] ([RecId], [UserId], [CapturedId]) VALUES (60004, 2, 60004)
INSERT [dbo].[UserCapturedPlates] ([RecId], [UserId], [CapturedId]) VALUES (60007, 1, 60007)
INSERT [dbo].[UserCapturedPlates] ([RecId], [UserId], [CapturedId]) VALUES (60008, 1, 60008)
INSERT [dbo].[UserCapturedPlates] ([RecId], [UserId], [CapturedId]) VALUES (60009, 1, 60009)
INSERT [dbo].[UserCapturedPlates] ([RecId], [UserId], [CapturedId]) VALUES (70001, 1, 70001)
INSERT [dbo].[UserCapturedPlates] ([RecId], [UserId], [CapturedId]) VALUES (70004, 1, 70004)
INSERT [dbo].[UserCapturedPlates] ([RecId], [UserId], [CapturedId]) VALUES (70005, 1, 70005)
INSERT [dbo].[UserCapturedPlates] ([RecId], [UserId], [CapturedId]) VALUES (70007, 2, 70007)
INSERT [dbo].[UserCapturedPlates] ([RecId], [UserId], [CapturedId]) VALUES (70008, 2, 70008)
INSERT [dbo].[UserCapturedPlates] ([RecId], [UserId], [CapturedId]) VALUES (70009, 2, 70009)
INSERT [dbo].[UserCapturedPlates] ([RecId], [UserId], [CapturedId]) VALUES (70010, 2, 70010)
INSERT [dbo].[UserCapturedPlates] ([RecId], [UserId], [CapturedId]) VALUES (70011, 2, 70011)
INSERT [dbo].[UserCapturedPlates] ([RecId], [UserId], [CapturedId]) VALUES (80001, 2, 80001)
GO

INSERT [dbo].[Hotlist] ([RecId], [Name], [Description], [SourceId], [RulesExpression], [AlertPriority], [CreatedOn], [LastUpdatedOn], [StationId], [Color], [StorageType], [URILocation], [AudioType], [AudioSize]) VALUES (80001, N'Suspected 7', N'Suspected List of Vehicles', 270039, N'Sample', 1, CAST(N'2023-01-05T13:25:53.683' AS DateTime), CAST(N'2023-01-05T13:25:53.683' AS DateTime), 1, NULL, NULL, NULL, NULL, NULL)
GO

INSERT [dbo].[HotlistDataSource] ([RecId], [Name], [SourceName], [AgencyId], [SourceTypeId], [SchedulePeriod], [LastUpdated], [IsExpire], [SchemaDefinition], [LastUpdateExternalHotListId], [ConnectionType], [Userid], [locationPath], [Password], [port], [LastRun], [Status], [SkipFirstLine], [StatusDesc]) VALUES (100001, N'Sample xxxxx', N'Sample 2', NULL, 10001, CAST(1 AS Decimal(10, 0)), NULL, NULL, N'{
  "LicensePlate" : "NumberPlate",
  "DateOfInterest" : "DOI",
}', NULL, N'Sample', NULL, NULL, NULL, NULL, NULL, 1, 0, NULL)
INSERT [dbo].[HotlistDataSource] ([RecId], [Name], [SourceName], [AgencyId], [SourceTypeId], [SchedulePeriod], [LastUpdated], [IsExpire], [SchemaDefinition], [LastUpdateExternalHotListId], [ConnectionType], [Userid], [locationPath], [Password], [port], [LastRun], [Status], [SkipFirstLine], [StatusDesc]) VALUES (100002, N'sample ', N'kl', 2, 10002, CAST(1 AS Decimal(10, 0)), NULL, 0, N'{
  "LicensePlate" : "NumberPlate",
  "DateOfInterest" : "DOI",
}', 1, N'Sample', N'1', N'asdasd', N'123213', 313, NULL, 1, 1, NULL)
INSERT [dbo].[HotlistDataSource] ([RecId], [Name], [SourceName], [AgencyId], [SourceTypeId], [SchedulePeriod], [LastUpdated], [IsExpire], [SchemaDefinition], [LastUpdateExternalHotListId], [ConnectionType], [Userid], [locationPath], [Password], [port], [LastRun], [Status], [SkipFirstLine], [StatusDesc]) VALUES (100003, N'sample 2', N'jkjklsdf', 3, 10002, CAST(1 AS Decimal(10, 0)), NULL, 0, N'{
  "LicensePlate" : "NumberPlate",
  "DateOfInterest" : "DOI",
}', 1, N'Sample', N'1', N'asdasd', N'123213', 313, NULL, 1, 1, NULL)
INSERT [dbo].[HotlistDataSource] ([RecId], [Name], [SourceName], [AgencyId], [SourceTypeId], [SchedulePeriod], [LastUpdated], [IsExpire], [SchemaDefinition], [LastUpdateExternalHotListId], [ConnectionType], [Userid], [locationPath], [Password], [port], [LastRun], [Status], [SkipFirstLine], [StatusDesc]) VALUES (100004, N'testing name', N'testing', 4, 10002, CAST(1 AS Decimal(10, 0)), NULL, 0, N'{
  "LicensePlate" : "NumberPlate",
  "DateOfInterest" : "DOI",
}', 1, N'Sample', N'1', N'asdasd', N'123213', 313, NULL, 1, 1, NULL)
INSERT [dbo].[HotlistDataSource] ([RecId], [Name], [SourceName], [AgencyId], [SourceTypeId], [SchedulePeriod], [LastUpdated], [IsExpire], [SchemaDefinition], [LastUpdateExternalHotListId], [ConnectionType], [Userid], [locationPath], [Password], [port], [LastRun], [Status], [SkipFirstLine], [StatusDesc]) VALUES (100005, N'source Name', N'testing 2', 5, 10002, CAST(1 AS Decimal(10, 0)), NULL, 0, N'{
  "LicensePlate" : "NumberPlate",
  "DateOfInterest" : "DOI",
}', 1, N'Sample', N'1', N'asdasd', N'123213', 313, NULL, 1, 1, NULL)
INSERT [dbo].[HotlistDataSource] ([RecId], [Name], [SourceName], [AgencyId], [SourceTypeId], [SchedulePeriod], [LastUpdated], [IsExpire], [SchemaDefinition], [LastUpdateExternalHotListId], [ConnectionType], [Userid], [locationPath], [Password], [port], [LastRun], [Status], [SkipFirstLine], [StatusDesc]) VALUES (100006, N'ABCDEFG', N'neww testing', 6, 10002, CAST(1 AS Decimal(10, 0)), NULL, 0, N'{
  "LicensePlate" : "NumberPlate",
  "DateOfInterest" : "DOI",
}', 1, N'Sample', N'1', N'asdasd', N'123213', 313, NULL, 1, 1, NULL)
INSERT [dbo].[HotlistDataSource] ([RecId], [Name], [SourceName], [AgencyId], [SourceTypeId], [SchedulePeriod], [LastUpdated], [IsExpire], [SchemaDefinition], [LastUpdateExternalHotListId], [ConnectionType], [Userid], [locationPath], [Password], [port], [LastRun], [Status], [SkipFirstLine], [StatusDesc]) VALUES (100007, N'JKLMNO', N'performance', 7, 10002, CAST(1 AS Decimal(10, 0)), NULL, 0, N'{
  "LicensePlate" : "NumberPlate",
  "DateOfInterest" : "DOI",
}', 1, N'Sample', N'1', N'asdasd', N'123213', 313, NULL, 1, 1, NULL)
INSERT [dbo].[HotlistDataSource] ([RecId], [Name], [SourceName], [AgencyId], [SourceTypeId], [SchedulePeriod], [LastUpdated], [IsExpire], [SchemaDefinition], [LastUpdateExternalHotListId], [ConnectionType], [Userid], [locationPath], [Password], [port], [LastRun], [Status], [SkipFirstLine], [StatusDesc]) VALUES (100008, N'QWERTY', N'sorting', 8, 10002, CAST(1 AS Decimal(10, 0)), NULL, 0, N'{
  "LicensePlate" : "NumberPlate",
  "DateOfInterest" : "DOI",
}', 1, N'Sample', N'1', N'asdasd', N'123213', 313, NULL, 1, 1, NULL)
INSERT [dbo].[HotlistDataSource] ([RecId], [Name], [SourceName], [AgencyId], [SourceTypeId], [SchedulePeriod], [LastUpdated], [IsExpire], [SchemaDefinition], [LastUpdateExternalHotListId], [ConnectionType], [Userid], [locationPath], [Password], [port], [LastRun], [Status], [SkipFirstLine], [StatusDesc]) VALUES (100009, N'John ', N'fitertation', 9, 10002, CAST(1 AS Decimal(10, 0)), NULL, 0, N'{
  "LicensePlate" : "NumberPlate",
  "DateOfInterest" : "DOI",
}', 1, N'Sample', N'1', N'asdasd', N'123213', 313, NULL, 1, 1, NULL)
INSERT [dbo].[HotlistDataSource] ([RecId], [Name], [SourceName], [AgencyId], [SourceTypeId], [SchedulePeriod], [LastUpdated], [IsExpire], [SchemaDefinition], [LastUpdateExternalHotListId], [ConnectionType], [Userid], [locationPath], [Password], [port], [LastRun], [Status], [SkipFirstLine], [StatusDesc]) VALUES (100010, N'Back', N'test 123', 2, 10002, CAST(1 AS Decimal(10, 0)), NULL, 0, N'{
  "LicensePlate" : "NumberPlate",
  "DateOfInterest" : "DOI",
}', 1, N'Sample', N'1', N'asdasd', N'123213', 313, NULL, 1, 1, NULL)
INSERT [dbo].[HotlistDataSource] ([RecId], [Name], [SourceName], [AgencyId], [SourceTypeId], [SchedulePeriod], [LastUpdated], [IsExpire], [SchemaDefinition], [LastUpdateExternalHotListId], [ConnectionType], [Userid], [locationPath], [Password], [port], [LastRun], [Status], [SkipFirstLine], [StatusDesc]) VALUES (100011, N'new sampe', N'12334', 3123, 10001, CAST(1 AS Decimal(10, 0)), NULL, 0, N'{
  "LicensePlate" : "NumberPlate",
  "DateOfInterest" : "DOI",
}', 1, N'Sample', N'1', N'asdasd', N'123213', 313, NULL, 1, 1, NULL)
INSERT [dbo].[HotlistDataSource] ([RecId], [Name], [SourceName], [AgencyId], [SourceTypeId], [SchedulePeriod], [LastUpdated], [IsExpire], [SchemaDefinition], [LastUpdateExternalHotListId], [ConnectionType], [Userid], [locationPath], [Password], [port], [LastRun], [Status], [SkipFirstLine], [StatusDesc]) VALUES (100012, N'mongo db', N'909sdf', 123, 10001, CAST(1 AS Decimal(10, 0)), NULL, 0, N'{
  "LicensePlate" : "NumberPlate",
  "DateOfInterest" : "DOI",
}', 1, N'Sample', N'1', N'asdasd', N'123213', 313, NULL, 1, 1, NULL)
INSERT [dbo].[HotlistDataSource] ([RecId], [Name], [SourceName], [AgencyId], [SourceTypeId], [SchedulePeriod], [LastUpdated], [IsExpire], [SchemaDefinition], [LastUpdateExternalHotListId], [ConnectionType], [Userid], [locationPath], [Password], [port], [LastRun], [Status], [SkipFirstLine], [StatusDesc]) VALUES (100013, N'Pgadmin', N'sourcename', 123, 10001, CAST(1 AS Decimal(10, 0)), NULL, 0, N'{
  "LicensePlate" : "NumberPlate",
  "DateOfInterest" : "DOI",
}', 1, N'Sample', N'1', N'asdasd', N'123213', 313, NULL, 1, 1, NULL)
INSERT [dbo].[HotlistDataSource] ([RecId], [Name], [SourceName], [AgencyId], [SourceTypeId], [SchedulePeriod], [LastUpdated], [IsExpire], [SchemaDefinition], [LastUpdateExternalHotListId], [ConnectionType], [Userid], [locationPath], [Password], [port], [LastRun], [Status], [SkipFirstLine], [StatusDesc]) VALUES (100014, N'testing', N'sourceaaname', 2323, 10001, CAST(1 AS Decimal(10, 0)), NULL, 0, N'{
  "LicensePlate" : "NumberPlate",
  "DateOfInterest" : "DOI",
}', 1, N'Sample', N'1', N'asdasd', N'123213', 313, NULL, 1, 1, NULL)
INSERT [dbo].[HotlistDataSource] ([RecId], [Name], [SourceName], [AgencyId], [SourceTypeId], [SchedulePeriod], [LastUpdated], [IsExpire], [SchemaDefinition], [LastUpdateExternalHotListId], [ConnectionType], [Userid], [locationPath], [Password], [port], [LastRun], [Status], [SkipFirstLine], [StatusDesc]) VALUES (100015, N'first testing', N'testing', 2323, 10001, CAST(1 AS Decimal(10, 0)), NULL, 0, N'{
  "LicensePlate" : "NumberPlate",
  "DateOfInterest" : "DOI",
}', 1, N'Sample', N'1', N'asdasd', N'123213', 313, NULL, 1, 1, NULL)
INSERT [dbo].[HotlistDataSource] ([RecId], [Name], [SourceName], [AgencyId], [SourceTypeId], [SchedulePeriod], [LastUpdated], [IsExpire], [SchemaDefinition], [LastUpdateExternalHotListId], [ConnectionType], [Userid], [locationPath], [Password], [port], [LastRun], [Status], [SkipFirstLine], [StatusDesc]) VALUES (100016, N'QA testing', N'qa testing', 232, 10001, CAST(1 AS Decimal(10, 0)), NULL, 0, N'{
  "LicensePlate" : "NumberPlate",
  "DateOfInterest" : "DOI",
}', 1, N'Sample', N'1', N'asdasd', N'123213', 313, NULL, 1, 1, NULL)
INSERT [dbo].[HotlistDataSource] ([RecId], [Name], [SourceName], [AgencyId], [SourceTypeId], [SchedulePeriod], [LastUpdated], [IsExpire], [SchemaDefinition], [LastUpdateExternalHotListId], [ConnectionType], [Userid], [locationPath], [Password], [port], [LastRun], [Status], [SkipFirstLine], [StatusDesc]) VALUES (100017, N'Sort testing', N'qa testing', 32, 10001, CAST(1 AS Decimal(10, 0)), NULL, 0, N'{
  "LicensePlate" : "NumberPlate",
  "DateOfInterest" : "DOI",
}', 1, N'Sample', N'1', N'asdasd', N'123213', 313, NULL, 1, 1, NULL)
INSERT [dbo].[HotlistDataSource] ([RecId], [Name], [SourceName], [AgencyId], [SourceTypeId], [SchedulePeriod], [LastUpdated], [IsExpire], [SchemaDefinition], [LastUpdateExternalHotListId], [ConnectionType], [Userid], [locationPath], [Password], [port], [LastRun], [Status], [SkipFirstLine], [StatusDesc]) VALUES (100018, N'Sort testing', N'qa testing', 32, 10001, CAST(1 AS Decimal(10, 0)), NULL, 0, N'{
  "LicensePlate" : "NumberPlate",
  "DateOfInterest" : "DOI",
}', 1, N'Sample', N'1', N'asdasd', N'123213', 313, NULL, 1, 1, NULL)
INSERT [dbo].[HotlistDataSource] ([RecId], [Name], [SourceName], [AgencyId], [SourceTypeId], [SchedulePeriod], [LastUpdated], [IsExpire], [SchemaDefinition], [LastUpdateExternalHotListId], [ConnectionType], [Userid], [locationPath], [Password], [port], [LastRun], [Status], [SkipFirstLine], [StatusDesc]) VALUES (100019, N'9', N'qa testing', 32, 10001, CAST(1 AS Decimal(10, 0)), NULL, 0, N'{
  "LicensePlate" : "NumberPlate",
  "DateOfInterest" : "DOI",
}', 1, N'Sample', N'1', N'asdasd', N'123213', 313, NULL, 1, 1, NULL)
INSERT [dbo].[HotlistDataSource] ([RecId], [Name], [SourceName], [AgencyId], [SourceTypeId], [SchedulePeriod], [LastUpdated], [IsExpire], [SchemaDefinition], [LastUpdateExternalHotListId], [ConnectionType], [Userid], [locationPath], [Password], [port], [LastRun], [Status], [SkipFirstLine], [StatusDesc]) VALUES (100020, N'Sort testing', N'qa testing', 32, 10001, CAST(1 AS Decimal(10, 0)), NULL, 0, N'{
  "LicensePlate" : "NumberPlate",
  "DateOfInterest" : "DOI",
}', 1, N'Sample', N'1', N'asdasd', N'123213', 313, NULL, 1, 1, NULL)
INSERT [dbo].[HotlistDataSource] ([RecId], [Name], [SourceName], [AgencyId], [SourceTypeId], [SchedulePeriod], [LastUpdated], [IsExpire], [SchemaDefinition], [LastUpdateExternalHotListId], [ConnectionType], [Userid], [locationPath], [Password], [port], [LastRun], [Status], [SkipFirstLine], [StatusDesc]) VALUES (100021, N'Sort testing', N'qa testing', 32, 10001, CAST(1 AS Decimal(10, 0)), NULL, 0, N'{
  "LicensePlate" : "NumberPlate",
  "DateOfInterest" : "DOI",
}', 1, N'Sample', N'1', N'asdasd', N'123213', 313, NULL, 1, 1, NULL)
INSERT [dbo].[HotlistDataSource] ([RecId], [Name], [SourceName], [AgencyId], [SourceTypeId], [SchedulePeriod], [LastUpdated], [IsExpire], [SchemaDefinition], [LastUpdateExternalHotListId], [ConnectionType], [Userid], [locationPath], [Password], [port], [LastRun], [Status], [SkipFirstLine], [StatusDesc]) VALUES (100022, N'Sort testing', N'qa testing', 32, 10001, CAST(1 AS Decimal(10, 0)), NULL, 0, N'{
  "LicensePlate" : "NumberPlate",
  "DateOfInterest" : "DOI",
}', 1, N'Sample', N'1', N'asdasd', N'123213', 313, NULL, 1, 1, NULL)
INSERT [dbo].[HotlistDataSource] ([RecId], [Name], [SourceName], [AgencyId], [SourceTypeId], [SchedulePeriod], [LastUpdated], [IsExpire], [SchemaDefinition], [LastUpdateExternalHotListId], [ConnectionType], [Userid], [locationPath], [Password], [port], [LastRun], [Status], [SkipFirstLine], [StatusDesc]) VALUES (100023, N'Sort testing', N'qa testing', 32, 10001, CAST(1 AS Decimal(10, 0)), NULL, 0, N'{
  "LicensePlate" : "NumberPlate",
  "DateOfInterest" : "DOI",
}', 1, N'Sample', N'1', N'asdasd', N'123213', 313, NULL, 1, 1, NULL)
INSERT [dbo].[HotlistDataSource] ([RecId], [Name], [SourceName], [AgencyId], [SourceTypeId], [SchedulePeriod], [LastUpdated], [IsExpire], [SchemaDefinition], [LastUpdateExternalHotListId], [ConnectionType], [Userid], [locationPath], [Password], [port], [LastRun], [Status], [SkipFirstLine], [StatusDesc]) VALUES (100024, N'sd', N'qa testing', 32, 10001, CAST(1 AS Decimal(10, 0)), NULL, 0, N'{
  "LicensePlate" : "NumberPlate",
  "DateOfInterest" : "DOI",
}', 1, N'Sample', N'1', N'asdasd', N'123213', 313, NULL, 1, 1, NULL)
INSERT [dbo].[HotlistDataSource] ([RecId], [Name], [SourceName], [AgencyId], [SourceTypeId], [SchedulePeriod], [LastUpdated], [IsExpire], [SchemaDefinition], [LastUpdateExternalHotListId], [ConnectionType], [Userid], [locationPath], [Password], [port], [LastRun], [Status], [SkipFirstLine], [StatusDesc]) VALUES (100025, N'Sort testing', N'qa testing', 32, 10001, CAST(1 AS Decimal(10, 0)), NULL, 0, N'{
  "LicensePlate" : "NumberPlate",
  "DateOfInterest" : "DOI",
}', 1, N'Sample', N'1', N'asdasd', N'123213', 313, NULL, 1, 1, NULL)
INSERT [dbo].[HotlistDataSource] ([RecId], [Name], [SourceName], [AgencyId], [SourceTypeId], [SchedulePeriod], [LastUpdated], [IsExpire], [SchemaDefinition], [LastUpdateExternalHotListId], [ConnectionType], [Userid], [locationPath], [Password], [port], [LastRun], [Status], [SkipFirstLine], [StatusDesc]) VALUES (100026, N'Sort testing', N'qa testing', 32, 10001, CAST(1 AS Decimal(10, 0)), NULL, 0, N'{
  "LicensePlate" : "NumberPlate",
  "DateOfInterest" : "DOI",
}', 1, N'Sample', N'1', N'asdasd', N'123213', 313, NULL, 1, 1, NULL)
INSERT [dbo].[HotlistDataSource] ([RecId], [Name], [SourceName], [AgencyId], [SourceTypeId], [SchedulePeriod], [LastUpdated], [IsExpire], [SchemaDefinition], [LastUpdateExternalHotListId], [ConnectionType], [Userid], [locationPath], [Password], [port], [LastRun], [Status], [SkipFirstLine], [StatusDesc]) VALUES (150001, N'ASD asdasd khkjh', N'Sample 2', 1, 10001, CAST(1 AS Decimal(10, 0)), NULL, 0, N'{
  "LicensePlate" : "NumberPlate",
  "DateOfInterest" : "DOI",
}', 1, N'Sample', N'1', N'asdasd', N'123213', 313, NULL, 1, 1, NULL)
INSERT [dbo].[HotlistDataSource] ([RecId], [Name], [SourceName], [AgencyId], [SourceTypeId], [SchedulePeriod], [LastUpdated], [IsExpire], [SchemaDefinition], [LastUpdateExternalHotListId], [ConnectionType], [Userid], [locationPath], [Password], [port], [LastRun], [Status], [SkipFirstLine], [StatusDesc]) VALUES (230001, N'ASD asdasd khkjhasd', N'Sample 44', NULL, 10001, CAST(1 AS Decimal(10, 0)), NULL, NULL, N'{
  "LicensePlate" : "NumberPlate",
  "DateOfInterest" : "DOI",
}', NULL, N'Sample', NULL, NULL, NULL, NULL, NULL, 1, 0, NULL)
INSERT [dbo].[HotlistDataSource] ([RecId], [Name], [SourceName], [AgencyId], [SourceTypeId], [SchedulePeriod], [LastUpdated], [IsExpire], [SchemaDefinition], [LastUpdateExternalHotListId], [ConnectionType], [Userid], [locationPath], [Password], [port], [LastRun], [Status], [SkipFirstLine], [StatusDesc]) VALUES (250039, N'ASD asdasd khkjhasd jj', N'Sample 44', NULL, 10001, CAST(1 AS Decimal(10, 0)), NULL, NULL, NULL, NULL, N'Sample', NULL, NULL, NULL, NULL, NULL, 1, 0, NULL)
INSERT [dbo].[HotlistDataSource] ([RecId], [Name], [SourceName], [AgencyId], [SourceTypeId], [SchedulePeriod], [LastUpdated], [IsExpire], [SchemaDefinition], [LastUpdateExternalHotListId], [ConnectionType], [Userid], [locationPath], [Password], [port], [LastRun], [Status], [SkipFirstLine], [StatusDesc]) VALUES (270039, N'ASD asdasd khkjhasd jkj', N'Sample 44', NULL, 10001, CAST(1 AS Decimal(10, 0)), NULL, NULL, N'{
  "LicensePlate": "NumberPlate",
  "DateOfInterest": "DOI",
  "LicenseType": "",
  "Agency": "",
  "State": "",
  "FirstName": "",
  "LastName": "",
  "Alias": "",
  "Year": "",
  "Make": "",
  "Model": "",
  "Color": "",
  "Style": "", 
  "Notes": "",
  "NCIC_Number": "",
  "ImportSerial": "",
  "ViolationInfo": ""
}', NULL, N'Sample', NULL, N'D:\DataSourceMapping.csv', NULL, NULL, NULL, 1, 0, NULL)
GO

INSERT [dbo].[ALPRExportDetail] ([RecId], [CapturedPlateId], [TicketNumber], [ExportedOn], [ExportPath], [UriLocation]) VALUES (20001, 1, 11223344, CAST(N'2023-05-22T00:00:00.000' AS DateTime), N'/remote/desktop', N'/remote/desktop')
GO

INSERT [dbo].[NumberPlates] ([RecId], [ImportSerialId], [NCICNumber], [AgencyId], [DateOfInterest], [NumberPlate], [StateId], [LicenseYear], [LicenseType], [VehicleYear], [VehicleMake], [VehicleModel], [VehicleStyle], [VehicleColor], [Note], [InsertType], [CreatedOn], [LastUpdatedOn], [Status], [FirstName], [LastName], [Alias], [ViolationInfo], [Notes]) VALUES (1, N'1', N'42010125686', N'', CAST(N'2023-05-16T00:00:00.000' AS DateTime), N'ALP-234', 8, N'2021', N'abcd', N'2016', N'Honda', N'Civic', N'Sedan', N'Black', N'abcde', 2, CAST(N'2023-05-16T00:00:00.000' AS DateTime), CAST(N'2023-06-08T13:34:13.653' AS DateTime), 1, N'Jhon', N'Wick', N'JW', NULL, N'alsjdlajdsl')
GO
INSERT [dbo].[NumberPlates] ([RecId], [ImportSerialId], [NCICNumber], [AgencyId], [DateOfInterest], [NumberPlate], [StateId], [LicenseYear], [LicenseType], [VehicleYear], [VehicleMake], [VehicleModel], [VehicleStyle], [VehicleColor], [Note], [InsertType], [CreatedOn], [LastUpdatedOn], [Status], [FirstName], [LastName], [Alias], [ViolationInfo], [Notes]) VALUES (2, N'1', N'42010125687', N'9', CAST(N'2023-05-16T00:00:00.000' AS DateTime), N'KLY-3645', 1, N'2018', N'12434', N'2016', N'Honda', N'Toyota', N'Swift', N'Black', N'abcde', 2, CAST(N'2023-05-16T00:00:00.000' AS DateTime), CAST(N'2023-06-01T14:34:06.013' AS DateTime), 1, N'Jawad', N'Khan', N'JK', NULL, N'abcd')
GO
INSERT [dbo].[NumberPlates] ([RecId], [ImportSerialId], [NCICNumber], [AgencyId], [DateOfInterest], [NumberPlate], [StateId], [LicenseYear], [LicenseType], [VehicleYear], [VehicleMake], [VehicleModel], [VehicleStyle], [VehicleColor], [Note], [InsertType], [CreatedOn], [LastUpdatedOn], [Status], [FirstName], [LastName], [Alias], [ViolationInfo], [Notes]) VALUES (3, N'1', N'42010125687', N'9', CAST(N'2023-05-16T00:00:00.000' AS DateTime), N'KBQ-3252', 4, N'2018', N'12434', N'2016', N'Honda', N'Toyota', N'Swift', N'Black', N'abcde', 2, CAST(N'2023-05-16T00:00:00.000' AS DateTime), CAST(N'2023-06-07T14:36:03.543' AS DateTime), 1, N'Jawad', N'Khan', N'JK', NULL, N'abcd')
GO
INSERT [dbo].[NumberPlates] ([RecId], [ImportSerialId], [NCICNumber], [AgencyId], [DateOfInterest], [NumberPlate], [StateId], [LicenseYear], [LicenseType], [VehicleYear], [VehicleMake], [VehicleModel], [VehicleStyle], [VehicleColor], [Note], [InsertType], [CreatedOn], [LastUpdatedOn], [Status], [FirstName], [LastName], [Alias], [ViolationInfo], [Notes]) VALUES (30001, NULL, N'423651122336589', N'1', CAST(N'2023-06-03T18:48:00.000' AS DateTime), N'BJE-335', 1, N'2011', N'Motor Cycle', N'2016', N'asdas', N'dasd', N'dasd', N'asdas', NULL, 0, CAST(N'2023-06-05T14:08:56.897' AS DateTime), CAST(N'2023-06-08T14:24:21.237' AS DateTime), 0, N'sada', N'adasd', N'XYZ', N'asdadad', N'adsadasd')
GO
INSERT [dbo].[NumberPlates] ([RecId], [ImportSerialId], [NCICNumber], [AgencyId], [DateOfInterest], [NumberPlate], [StateId], [LicenseYear], [LicenseType], [VehicleYear], [VehicleMake], [VehicleModel], [VehicleStyle], [VehicleColor], [Note], [InsertType], [CreatedOn], [LastUpdatedOn], [Status], [FirstName], [LastName], [Alias], [ViolationInfo], [Notes]) VALUES (40002, NULL, N'423651122336589', N'1', CAST(N'2023-06-03T18:48:00.000' AS DateTime), N'KIO-335', 1, N'2012', N'asda', N'2016', N'asdas', N'dasd', N'dasd', N'asdas', NULL, 0, CAST(N'2023-06-05T14:17:44.487' AS DateTime), NULL, 0, N'sada', N'adasd', N'XYZ', N'asdadad', N'adsadasd')
GO
INSERT [dbo].[NumberPlates] ([RecId], [ImportSerialId], [NCICNumber], [AgencyId], [DateOfInterest], [NumberPlate], [StateId], [LicenseYear], [LicenseType], [VehicleYear], [VehicleMake], [VehicleModel], [VehicleStyle], [VehicleColor], [Note], [InsertType], [CreatedOn], [LastUpdatedOn], [Status], [FirstName], [LastName], [Alias], [ViolationInfo], [Notes]) VALUES (40003, NULL, N'423651122336589', N'1', CAST(N'2023-06-03T18:48:00.000' AS DateTime), N'KLQ-5833', 1, N'2013', N'asda', N'2016', N'asdas', N'dasd', N'dasd', N'asdas', NULL, 0, CAST(N'2023-06-05T14:21:10.203' AS DateTime), CAST(N'2023-06-05T14:18:33.323' AS DateTime), 0, N'sada', N'adasd', N'Dummy', N'asdadad', N'adsadasd')
GO
INSERT [dbo].[NumberPlates] ([RecId], [ImportSerialId], [NCICNumber], [AgencyId], [DateOfInterest], [NumberPlate], [StateId], [LicenseYear], [LicenseType], [VehicleYear], [VehicleMake], [VehicleModel], [VehicleStyle], [VehicleColor], [Note], [InsertType], [CreatedOn], [LastUpdatedOn], [Status], [FirstName], [LastName], [Alias], [ViolationInfo], [Notes]) VALUES (40005, N'', N'4536977889656', N'None', CAST(N'2023-06-08T13:40:00.000' AS DateTime), N'KLO-3366', 5, N'2022', N'Bike', N'2022', N'Honda', N'CD 70', N'', N'Black', NULL, 0, CAST(N'2023-06-08T10:18:27.023' AS DateTime), NULL, 0, N'', N'', N'Dummy User', N'', N'')
GO
INSERT [dbo].[NumberPlates] ([RecId], [ImportSerialId], [NCICNumber], [AgencyId], [DateOfInterest], [NumberPlate], [StateId], [LicenseYear], [LicenseType], [VehicleYear], [VehicleMake], [VehicleModel], [VehicleStyle], [VehicleColor], [Note], [InsertType], [CreatedOn], [LastUpdatedOn], [Status], [FirstName], [LastName], [Alias], [ViolationInfo], [Notes]) VALUES (40006, N'', N'4536977889657', N'None', CAST(N'2023-06-08T13:40:00.000' AS DateTime), N'KLO-3367', 5, N'2022', N'Bike', N'2022', N'Honda', N'CD 70', N'', N'Black', NULL, 0, CAST(N'2023-06-08T10:18:27.023' AS DateTime), NULL, 0, N'', N'', N'Dummy User', N'', N'')
GO
INSERT [dbo].[NumberPlates] ([RecId], [ImportSerialId], [NCICNumber], [AgencyId], [DateOfInterest], [NumberPlate], [StateId], [LicenseYear], [LicenseType], [VehicleYear], [VehicleMake], [VehicleModel], [VehicleStyle], [VehicleColor], [Note], [InsertType], [CreatedOn], [LastUpdatedOn], [Status], [FirstName], [LastName], [Alias], [ViolationInfo], [Notes]) VALUES (40008, N'', N'4536977889659', N'None', CAST(N'2023-06-08T13:40:00.000' AS DateTime), N'KLO-3369', 5, N'2023', N'Bike', N'2022', N'Honda', N'CD 70', N'', N'Black', NULL, 0, CAST(N'2023-06-08T10:18:27.023' AS DateTime), CAST(N'2023-06-08T10:30:18.593' AS DateTime), 0, N'', N'', N'Dummy User', N'', N'')
GO
INSERT [dbo].[NumberPlates] ([RecId], [ImportSerialId], [NCICNumber], [AgencyId], [DateOfInterest], [NumberPlate], [StateId], [LicenseYear], [LicenseType], [VehicleYear], [VehicleMake], [VehicleModel], [VehicleStyle], [VehicleColor], [Note], [InsertType], [CreatedOn], [LastUpdatedOn], [Status], [FirstName], [LastName], [Alias], [ViolationInfo], [Notes]) VALUES (40009, N'', N'4536977889660', N'None', CAST(N'2023-06-08T13:40:00.000' AS DateTime), N'KLO-3370', 5, N'2022', N'Bike', N'2022', N'Honda', N'CD 70', N'', N'Black', NULL, 0, CAST(N'2023-06-08T10:18:27.023' AS DateTime), NULL, 0, N'', N'', N'Dummy User', N'', N'')
GO
INSERT [dbo].[NumberPlates] ([RecId], [ImportSerialId], [NCICNumber], [AgencyId], [DateOfInterest], [NumberPlate], [StateId], [LicenseYear], [LicenseType], [VehicleYear], [VehicleMake], [VehicleModel], [VehicleStyle], [VehicleColor], [Note], [InsertType], [CreatedOn], [LastUpdatedOn], [Status], [FirstName], [LastName], [Alias], [ViolationInfo], [Notes]) VALUES (40010, N'', N'4536977889661', N'None', CAST(N'2023-06-08T13:40:00.000' AS DateTime), N'KLO-3371', 5, N'2022', N'Bike', N'2022', N'Honda', N'CD 70', N'', N'Black', NULL, 0, CAST(N'2023-06-08T10:18:27.023' AS DateTime), NULL, 0, N'', N'', N'Dummy User', N'', N'')
GO
INSERT [dbo].[NumberPlates] ([RecId], [ImportSerialId], [NCICNumber], [AgencyId], [DateOfInterest], [NumberPlate], [StateId], [LicenseYear], [LicenseType], [VehicleYear], [VehicleMake], [VehicleModel], [VehicleStyle], [VehicleColor], [Note], [InsertType], [CreatedOn], [LastUpdatedOn], [Status], [FirstName], [LastName], [Alias], [ViolationInfo], [Notes]) VALUES (40011, N'', N'4536977889662', N'None', CAST(N'2023-06-08T13:40:00.000' AS DateTime), N'KLO-3372', 5, N'2022', N'Bike', N'2022', N'Honda', N'CD 70', N'', N'Black', NULL, 0, CAST(N'2023-06-08T10:18:27.023' AS DateTime), NULL, 0, N'', N'', N'Dummy User', N'', N'')
GO
INSERT [dbo].[NumberPlates] ([RecId], [ImportSerialId], [NCICNumber], [AgencyId], [DateOfInterest], [NumberPlate], [StateId], [LicenseYear], [LicenseType], [VehicleYear], [VehicleMake], [VehicleModel], [VehicleStyle], [VehicleColor], [Note], [InsertType], [CreatedOn], [LastUpdatedOn], [Status], [FirstName], [LastName], [Alias], [ViolationInfo], [Notes]) VALUES (40012, N'', N'4536977889663', N'None', CAST(N'2023-06-08T13:40:00.000' AS DateTime), N'KLO-3373', 5, N'2022', N'Bike', N'2022', N'Honda', N'CD 70', N'', N'Black', NULL, 0, CAST(N'2023-06-08T10:18:27.023' AS DateTime), NULL, 0, N'', N'', N'Dummy User', N'', N'')
GO
INSERT [dbo].[NumberPlates] ([RecId], [ImportSerialId], [NCICNumber], [AgencyId], [DateOfInterest], [NumberPlate], [StateId], [LicenseYear], [LicenseType], [VehicleYear], [VehicleMake], [VehicleModel], [VehicleStyle], [VehicleColor], [Note], [InsertType], [CreatedOn], [LastUpdatedOn], [Status], [FirstName], [LastName], [Alias], [ViolationInfo], [Notes]) VALUES (40013, N'', N'4536977889664', N'None', CAST(N'2023-06-08T13:40:00.000' AS DateTime), N'KLO-3374', 5, N'2022', N'Bike', N'2022', N'Honda', N'CD 70', N'', N'Black', NULL, 0, CAST(N'2023-06-08T10:18:27.023' AS DateTime), NULL, 0, N'', N'', N'Dummy User', N'', N'')
GO
INSERT [dbo].[NumberPlates] ([RecId], [ImportSerialId], [NCICNumber], [AgencyId], [DateOfInterest], [NumberPlate], [StateId], [LicenseYear], [LicenseType], [VehicleYear], [VehicleMake], [VehicleModel], [VehicleStyle], [VehicleColor], [Note], [InsertType], [CreatedOn], [LastUpdatedOn], [Status], [FirstName], [LastName], [Alias], [ViolationInfo], [Notes]) VALUES (40014, N'', N'4536977889665', N'None', CAST(N'2023-06-08T13:40:00.000' AS DateTime), N'KLO-3375', 5, N'2022', N'Bike', N'2022', N'Honda', N'CD 70', N'', N'Black', NULL, 0, CAST(N'2023-06-08T10:18:27.023' AS DateTime), NULL, 0, N'', N'', N'Dummy User', N'', N'')
GO
INSERT [dbo].[NumberPlates] ([RecId], [ImportSerialId], [NCICNumber], [AgencyId], [DateOfInterest], [NumberPlate], [StateId], [LicenseYear], [LicenseType], [VehicleYear], [VehicleMake], [VehicleModel], [VehicleStyle], [VehicleColor], [Note], [InsertType], [CreatedOn], [LastUpdatedOn], [Status], [FirstName], [LastName], [Alias], [ViolationInfo], [Notes]) VALUES (40015, N'', N'4536977889666', N'None', CAST(N'2023-06-08T13:40:00.000' AS DateTime), N'KLO-3376', 5, N'2022', N'Bike', N'2022', N'Honda', N'CD 70', N'', N'Black', NULL, 0, CAST(N'2023-06-08T10:18:27.023' AS DateTime), NULL, 0, N'', N'', N'Dummy User', N'', N'')
GO
INSERT [dbo].[NumberPlates] ([RecId], [ImportSerialId], [NCICNumber], [AgencyId], [DateOfInterest], [NumberPlate], [StateId], [LicenseYear], [LicenseType], [VehicleYear], [VehicleMake], [VehicleModel], [VehicleStyle], [VehicleColor], [Note], [InsertType], [CreatedOn], [LastUpdatedOn], [Status], [FirstName], [LastName], [Alias], [ViolationInfo], [Notes]) VALUES (50001, N'1', N'42010125686', N'', CAST(N'2023-05-16T00:00:00.000' AS DateTime), N'ALP-235', 8, N'', N'', N'', N'', N'', N'', N'', N'abcde', 2, CAST(N'2023-06-08T11:38:01.117' AS DateTime), CAST(N'2023-06-08T10:34:19.560' AS DateTime), 0, N'Jhon', N'Wick', N'JW', NULL, N'abcd')
GO
INSERT [dbo].[NumberPlatesTemp] ([RecId], [ImportSerialId], [NCICNumber], [AgencyId], [DateOfInterest], [NumberPlate], [StateId], [LicenseYear], [LicenseType], [VehicleYear], [VehicleMake], [VehicleModel], [VehicleStyle], [VehicleColor], [Note], [InsertType], [CreatedOn], [LastUpdatedOn], [Status], [FirstName], [LastName], [Alias], [ViolationInfo]) VALUES (1, N'1', N'42010125686', N'1', CAST(N'2023-05-16T00:00:00.000' AS DateTime), N'ALP-234', 1, N'2018', N'1', N'2016', N'Honda', N'Civic', N'Sedan', N'Black', N'abcde', 2, CAST(N'2023-05-16T00:00:00.000' AS DateTime), CAST(N'2023-05-16T00:00:00.000' AS DateTime), 1, N'Jhon', N'Wick', N'JW', NULL)
GO
INSERT [dbo].[NumberPlatesTemp] ([RecId], [ImportSerialId], [NCICNumber], [AgencyId], [DateOfInterest], [NumberPlate], [StateId], [LicenseYear], [LicenseType], [VehicleYear], [VehicleMake], [VehicleModel], [VehicleStyle], [VehicleColor], [Note], [InsertType], [CreatedOn], [LastUpdatedOn], [Status], [FirstName], [LastName], [Alias], [ViolationInfo]) VALUES (2, NULL, N'42010125687', N'1', CAST(N'2023-05-16T00:00:00.000' AS DateTime), N'ALP-235', 1, N'2018', N'1', N'2016', N'Honda', N'Civic', N'Sedan', N'Black', N'abcde', 2, CAST(N'2023-05-16T00:00:00.000' AS DateTime), CAST(N'2023-05-16T00:00:00.000' AS DateTime), 1, N'Affan', N'Polani', N'AP', N'abcdefg')
GO

INSERT [dbo].[HotListNumberPlates] ([RecId], [HotListId], [NumberPlatesId], [CreatedOn], [LastUpdatedOn]) VALUES (30001, 80001, 1, CAST(N'2023-05-22T11:55:01.887' AS DateTime), NULL)
GO